iter	RMSE
0	7.127936516
1	6.72312029
2	6.386944874
3	6.103456613
4	5.809794432
5	5.634024191
6	5.454424821
7	5.298581722
8	5.086609998
9	4.921122534
